segment_1_mean,segment_1_stddev,segment_1_entropy,segment_1_info_gain,segment_2_mean,segment_2_stddev,segment_2_entropy,segment_2_info_gain,segment_3_mean,segment_3_stddev,segment_3_entropy,segment_3_info_gain,segment_4_mean,segment_4_stddev,segment_4_entropy,segment_4_info_gain,segment_5_mean,segment_5_stddev,segment_5_entropy,segment_5_info_gain,label
79.49096838718094,59.081934706466164,6.591664363013694,-0.012779686820313607,111.87924773169705,77.18656670303004,6.292064393835251,0.2868202823581294,53.25077491654745,63.888071510463256,4.537039227950979,2.0418454482424018,61.82381398252185,44.006506098094775,6.450986682191538,0.12789799400184254,118.70643939393939,17.515334088483023,6.120546096129772,0.45833858006360906,input_images
